candidate_id,k_index,segment,path_coordinate,kx,ky,mode_index,delta_omega,omega_cavity
3527,0,Γ,0.0,0.0,0.0,0,-0.49062224480475214,1.335746910119389
3527,0,Γ,0.0,0.0,0.0,1,-0.49056770288986673,1.3358014520342745
3527,0,Γ,0.0,0.0,0.0,2,-0.47847246974889923,1.3478966851752419
3527,0,Γ,0.0,0.0,0.0,3,-0.4784179318413276,1.3479512230828137
3527,0,Γ,0.0,0.0,0.0,4,-0.4622391460970412,1.3641300088271
3527,0,Γ,0.0,0.0,0.0,5,-0.46223911092477193,1.3641300439993693
3527,1,Γ,0.1234134149488434,0.0872664625997164,0.0872664625997164,0,-0.49062224480473987,1.3357469101194013
3527,1,Γ,0.1234134149488434,0.0872664625997164,0.0872664625997164,1,-0.49056770288986695,1.3358014520342743
3527,1,Γ,0.1234134149488434,0.0872664625997164,0.0872664625997164,2,-0.47847246974889074,1.3478966851752505
3527,1,Γ,0.1234134149488434,0.0872664625997164,0.0872664625997164,3,-0.4784179318413267,1.3479512230828146
3527,1,Γ,0.1234134149488434,0.0872664625997164,0.0872664625997164,4,-0.46223914609703104,1.3641300088271102
3527,1,Γ,0.1234134149488434,0.0872664625997164,0.0872664625997164,5,-0.4622391109247655,1.3641300439993758
3527,2,Γ,0.2468268298976868,0.1745329251994328,0.1745329251994328,0,-0.4906222448047593,1.335746910119382
3527,2,Γ,0.2468268298976868,0.1745329251994328,0.1745329251994328,1,-0.4905677028898607,1.3358014520342805
3527,2,Γ,0.2468268298976868,0.1745329251994328,0.1745329251994328,2,-0.478472469748884,1.3478966851752572
3527,2,Γ,0.2468268298976868,0.1745329251994328,0.1745329251994328,3,-0.4784179318413187,1.3479512230828226
3527,2,Γ,0.2468268298976868,0.1745329251994328,0.1745329251994328,4,-0.4622391460970365,1.3641300088271047
3527,2,Γ,0.2468268298976868,0.1745329251994328,0.1745329251994328,5,-0.4622391109247684,1.3641300439993729
3527,3,Γ,0.37024024484653023,0.26179938779914924,0.26179938779914924,0,-0.49062224480475103,1.3357469101193902
3527,3,Γ,0.37024024484653023,0.26179938779914924,0.26179938779914924,1,-0.4905677028898504,1.335801452034291
3527,3,Γ,0.37024024484653023,0.26179938779914924,0.26179938779914924,2,-0.4784724697488774,1.3478966851752638
3527,3,Γ,0.37024024484653023,0.26179938779914924,0.26179938779914924,3,-0.47841793184133136,1.34795122308281
3527,3,Γ,0.37024024484653023,0.26179938779914924,0.26179938779914924,4,-0.46223914609702316,1.364130008827118
3527,3,Γ,0.37024024484653023,0.26179938779914924,0.26179938779914924,5,-0.46223911092476255,1.3641300439993786
3527,4,Γ,0.4936536597953736,0.3490658503988656,0.3490658503988656,0,-0.4906222448047612,1.33574691011938
3527,4,Γ,0.4936536597953736,0.3490658503988656,0.3490658503988656,1,-0.4905677028898798,1.3358014520342614
3527,4,Γ,0.4936536597953736,0.3490658503988656,0.3490658503988656,2,-0.478472469748914,1.3478966851752272
3527,4,Γ,0.4936536597953736,0.3490658503988656,0.3490658503988656,3,-0.4784179318413431,1.3479512230827981
3527,4,Γ,0.4936536597953736,0.3490658503988656,0.3490658503988656,4,-0.46223914609704986,1.3641300088270913
3527,4,Γ,0.4936536597953736,0.3490658503988656,0.3490658503988656,5,-0.462239110924783,1.3641300439993582
3527,5,Γ,0.6170670747442171,0.4363323129985821,0.4363323129985821,0,-0.4906222448047743,1.3357469101193669
3527,5,Γ,0.6170670747442171,0.4363323129985821,0.4363323129985821,1,-0.4905677028898677,1.3358014520342736
3527,5,Γ,0.6170670747442171,0.4363323129985821,0.4363323129985821,2,-0.47847246974890945,1.3478966851752316
3527,5,Γ,0.6170670747442171,0.4363323129985821,0.4363323129985821,3,-0.4784179318413649,1.3479512230827764
3527,5,Γ,0.6170670747442171,0.4363323129985821,0.4363323129985821,4,-0.4622391460970487,1.3641300088270925
3527,5,Γ,0.6170670747442171,0.4363323129985821,0.4363323129985821,5,-0.46223911092478626,1.364130043999355
3527,6,Γ,0.7404804896930605,0.5235987755982985,0.5235987755982985,0,-0.4906222448047548,1.3357469101193864
3527,6,Γ,0.7404804896930605,0.5235987755982985,0.5235987755982985,1,-0.49056770288987434,1.335801452034267
3527,6,Γ,0.7404804896930605,0.5235987755982985,0.5235987755982985,2,-0.4784724697489076,1.3478966851752336
3527,6,Γ,0.7404804896930605,0.5235987755982985,0.5235987755982985,3,-0.47841793184134096,1.3479512230828004
3527,6,Γ,0.7404804896930605,0.5235987755982985,0.5235987755982985,4,-0.46223914609703903,1.3641300088271022
3527,6,Γ,0.7404804896930605,0.5235987755982985,0.5235987755982985,5,-0.4622391109247731,1.364130043999368
3527,7,Γ,0.863893904641904,0.610865238198015,0.610865238198015,0,-0.49062224480474353,1.3357469101193977
3527,7,Γ,0.863893904641904,0.610865238198015,0.610865238198015,1,-0.49056770288987184,1.3358014520342694
3527,7,Γ,0.863893904641904,0.610865238198015,0.610865238198015,2,-0.4784724697489171,1.347896685175224
3527,7,Γ,0.863893904641904,0.610865238198015,0.610865238198015,3,-0.47841793184132797,1.3479512230828132
3527,7,Γ,0.863893904641904,0.610865238198015,0.610865238198015,4,-0.4622391460970349,1.3641300088271062
3527,7,Γ,0.863893904641904,0.610865238198015,0.610865238198015,5,-0.462239110924769,1.3641300439993722
3527,8,Γ,0.9873073195907472,0.6981317007977312,0.6981317007977312,0,-0.49062224480474503,1.3357469101193962
3527,8,Γ,0.9873073195907472,0.6981317007977312,0.6981317007977312,1,-0.4905677028898555,1.3358014520342856
3527,8,Γ,0.9873073195907472,0.6981317007977312,0.6981317007977312,2,-0.4784724697488816,1.3478966851752596
3527,8,Γ,0.9873073195907472,0.6981317007977312,0.6981317007977312,3,-0.4784179318413452,1.347951223082796
3527,8,Γ,0.9873073195907472,0.6981317007977312,0.6981317007977312,4,-0.46223914609702865,1.3641300088271127
3527,8,Γ,0.9873073195907472,0.6981317007977312,0.6981317007977312,5,-0.46223911092476516,1.364130043999376
3527,9,Γ,1.1107207345395906,0.7853981633974477,0.7853981633974477,0,-0.4906222448047829,1.3357469101193584
3527,9,Γ,1.1107207345395906,0.7853981633974477,0.7853981633974477,1,-0.49056770288986895,1.3358014520342723
3527,9,Γ,1.1107207345395906,0.7853981633974477,0.7853981633974477,2,-0.478472469748919,1.3478966851752223
3527,9,Γ,1.1107207345395906,0.7853981633974477,0.7853981633974477,3,-0.4784179318413516,1.3479512230827897
3527,9,Γ,1.1107207345395906,0.7853981633974477,0.7853981633974477,4,-0.4622391460970538,1.3641300088270873
3527,9,Γ,1.1107207345395906,0.7853981633974477,0.7853981633974477,5,-0.46223911092477715,1.364130043999364
3527,10,Γ,1.2341341494884341,0.8726646259971642,0.8726646259971642,0,-0.49062224480475025,1.3357469101193908
3527,10,Γ,1.2341341494884341,0.8726646259971642,0.8726646259971642,1,-0.4905677028898612,1.33580145203428
3527,10,Γ,1.2341341494884341,0.8726646259971642,0.8726646259971642,2,-0.47847246974890867,1.3478966851752325
3527,10,Γ,1.2341341494884341,0.8726646259971642,0.8726646259971642,3,-0.47841793184134157,1.3479512230827997
3527,10,Γ,1.2341341494884341,0.8726646259971642,0.8726646259971642,4,-0.4622391460970422,1.364130008827099
3527,10,Γ,1.2341341494884341,0.8726646259971642,0.8726646259971642,5,-0.4622391109247751,1.3641300439993662
3527,11,Γ,1.3575475644372774,0.9599310885968805,0.9599310885968805,0,-0.4906222448047721,1.335746910119369
3527,11,Γ,1.3575475644372774,0.9599310885968805,0.9599310885968805,1,-0.49056770288987117,1.33580145203427
3527,11,Γ,1.3575475644372774,0.9599310885968805,0.9599310885968805,2,-0.4784724697489043,1.347896685175237
3527,11,Γ,1.3575475644372774,0.9599310885968805,0.9599310885968805,3,-0.47841793184133957,1.3479512230828017
3527,11,Γ,1.3575475644372774,0.9599310885968805,0.9599310885968805,4,-0.46223914609705236,1.364130008827089
3527,11,Γ,1.3575475644372774,0.9599310885968805,0.9599310885968805,5,-0.4622391109247785,1.3641300439993627
3527,12,Γ,1.480960979386121,1.047197551196597,1.047197551196597,0,-0.4906222448047681,1.335746910119373
3527,12,Γ,1.480960979386121,1.047197551196597,1.047197551196597,1,-0.4905677028898703,1.335801452034271
3527,12,Γ,1.480960979386121,1.047197551196597,1.047197551196597,2,-0.47847246974891716,1.347896685175224
3527,12,Γ,1.480960979386121,1.047197551196597,1.047197551196597,3,-0.4784179318413458,1.3479512230827955
3527,12,Γ,1.480960979386121,1.047197551196597,1.047197551196597,4,-0.46223914609704597,1.3641300088270953
3527,12,Γ,1.480960979386121,1.047197551196597,1.047197551196597,5,-0.4622391109247814,1.3641300439993598
3527,13,Γ,1.6043743943349642,1.1344640137963133,1.1344640137963133,0,-0.4906222448047505,1.3357469101193908
3527,13,Γ,1.6043743943349642,1.1344640137963133,1.1344640137963133,1,-0.4905677028898489,1.3358014520342922
3527,13,Γ,1.6043743943349642,1.1344640137963133,1.1344640137963133,2,-0.4784724697488884,1.3478966851752527
3527,13,Γ,1.6043743943349642,1.1344640137963133,1.1344640137963133,3,-0.47841793184132786,1.3479512230828132
3527,13,Γ,1.6043743943349642,1.1344640137963133,1.1344640137963133,4,-0.4622391460970335,1.3641300088271078
3527,13,Γ,1.6043743943349642,1.1344640137963133,1.1344640137963133,5,-0.4622391109247724,1.3641300439993689
3527,14,Γ,1.727787809283808,1.22173047639603,1.22173047639603,0,-0.49062224480476524,1.335746910119376
3527,14,Γ,1.727787809283808,1.22173047639603,1.22173047639603,1,-0.49056770288987916,1.335801452034262
3527,14,Γ,1.727787809283808,1.22173047639603,1.22173047639603,2,-0.47847246974891033,1.3478966851752308
3527,14,Γ,1.727787809283808,1.22173047639603,1.22173047639603,3,-0.4784179318413412,1.3479512230828
3527,14,Γ,1.727787809283808,1.22173047639603,1.22173047639603,4,-0.46223914609705696,1.3641300088270842
3527,14,Γ,1.727787809283808,1.22173047639603,1.22173047639603,5,-0.46223911092477726,1.364130043999364
3527,15,Γ,1.8512012242326512,1.308996938995746,1.308996938995746,0,-0.49062224480475514,1.335746910119386
3527,15,Γ,1.8512012242326512,1.308996938995746,1.308996938995746,1,-0.49056770288987056,1.3358014520342707
3527,15,Γ,1.8512012242326512,1.308996938995746,1.308996938995746,2,-0.4784724697489147,1.3478966851752265
3527,15,Γ,1.8512012242326512,1.308996938995746,1.308996938995746,3,-0.47841793184134845,1.3479512230827928
3527,15,Γ,1.8512012242326512,1.308996938995746,1.308996938995746,4,-0.4622391460970496,1.3641300088270916
3527,15,Γ,1.8512012242326512,1.308996938995746,1.308996938995746,5,-0.46223911092478404,1.3641300439993571
3527,16,Γ,1.9746146391814945,1.3962634015954625,1.3962634015954625,0,-0.4906222448047712,1.33574691011937
3527,16,Γ,1.9746146391814945,1.3962634015954625,1.3962634015954625,1,-0.4905677028898613,1.3358014520342798
3527,16,Γ,1.9746146391814945,1.3962634015954625,1.3962634015954625,2,-0.4784724697489138,1.3478966851752274
3527,16,Γ,1.9746146391814945,1.3962634015954625,1.3962634015954625,3,-0.4784179318413437,1.3479512230827975
3527,16,Γ,1.9746146391814945,1.3962634015954625,1.3962634015954625,4,-0.46223914609704925,1.364130008827092
3527,16,Γ,1.9746146391814945,1.3962634015954625,1.3962634015954625,5,-0.46223911092477793,1.3641300439993633
3527,17,Γ,2.098028054130338,1.483529864195179,1.483529864195179,0,-0.49062224480475203,1.335746910119389
3527,17,Γ,2.098028054130338,1.483529864195179,1.483529864195179,1,-0.49056770288985896,1.3358014520342822
3527,17,Γ,2.098028054130338,1.483529864195179,1.483529864195179,2,-0.47847246974888363,1.3478966851752576
3527,17,Γ,2.098028054130338,1.483529864195179,1.483529864195179,3,-0.47841793184132064,1.3479512230828206
3527,17,Γ,2.098028054130338,1.483529864195179,1.483529864195179,4,-0.4622391460970273,1.364130008827114
3527,17,Γ,2.098028054130338,1.483529864195179,1.483529864195179,5,-0.46223911092477277,1.3641300439993684
3527,18,Γ,2.2214414690791813,1.5707963267948954,1.5707963267948954,0,-0.4906222448047628,1.3357469101193784
3527,18,Γ,2.2214414690791813,1.5707963267948954,1.5707963267948954,1,-0.4905677028898545,1.3358014520342867
3527,18,Γ,2.2214414690791813,1.5707963267948954,1.5707963267948954,2,-0.4784724697489057,1.3478966851752354
3527,18,Γ,2.2214414690791813,1.5707963267948954,1.5707963267948954,3,-0.4784179318413453,1.347951223082796
3527,18,Γ,2.2214414690791813,1.5707963267948954,1.5707963267948954,4,-0.4622391460970429,1.3641300088270982
3527,18,Γ,2.2214414690791813,1.5707963267948954,1.5707963267948954,5,-0.46223911092478004,1.364130043999361
3527,19,Γ,2.3448548840280248,1.6580627893946118,1.6580627893946118,0,-0.49062224480476657,1.3357469101193746
3527,19,Γ,2.3448548840280248,1.6580627893946118,1.6580627893946118,1,-0.4905677028898658,1.3358014520342754
3527,19,Γ,2.3448548840280248,1.6580627893946118,1.6580627893946118,2,-0.47847246974892726,1.3478966851752139
3527,19,Γ,2.3448548840280248,1.6580627893946118,1.6580627893946118,3,-0.4784179318413499,1.3479512230827913
3527,19,Γ,2.3448548840280248,1.6580627893946118,1.6580627893946118,4,-0.46223914609705047,1.3641300088270907
3527,19,Γ,2.3448548840280248,1.6580627893946118,1.6580627893946118,5,-0.46223911092478065,1.3641300439993604
3527,20,Γ,2.4682682989768683,1.7453292519943284,1.7453292519943284,0,-0.4906222448047599,1.3357469101193813
3527,20,Γ,2.4682682989768683,1.7453292519943284,1.7453292519943284,1,-0.4905677028898396,1.3358014520343016
3527,20,Γ,2.4682682989768683,1.7453292519943284,1.7453292519943284,2,-0.47847246974889357,1.3478966851752476
3527,20,Γ,2.4682682989768683,1.7453292519943284,1.7453292519943284,3,-0.4784179318413346,1.3479512230828066
3527,20,Γ,2.4682682989768683,1.7453292519943284,1.7453292519943284,4,-0.4622391460970353,1.364130008827106
3527,20,Γ,2.4682682989768683,1.7453292519943284,1.7453292519943284,5,-0.4622391109247697,1.3641300439993715
3527,21,Γ,2.591681713925712,1.8325957145940448,1.8325957145940448,0,-0.490622244804765,1.3357469101193762
3527,21,Γ,2.591681713925712,1.8325957145940448,1.8325957145940448,1,-0.49056770288986695,1.3358014520342743
3527,21,Γ,2.591681713925712,1.8325957145940448,1.8325957145940448,2,-0.478472469748911,1.3478966851752303
3527,21,Γ,2.591681713925712,1.8325957145940448,1.8325957145940448,3,-0.4784179318413323,1.3479512230828088
3527,21,Γ,2.591681713925712,1.8325957145940448,1.8325957145940448,4,-0.4622391460970401,1.3641300088271011
3527,21,Γ,2.591681713925712,1.8325957145940448,1.8325957145940448,5,-0.46223911092476944,1.3641300439993718
3527,22,Γ,2.715095128874555,1.919862177193761,1.919862177193761,0,-0.4906222448047648,1.3357469101193764
3527,22,Γ,2.715095128874555,1.919862177193761,1.919862177193761,1,-0.4905677028898548,1.3358014520342865
3527,22,Γ,2.715095128874555,1.919862177193761,1.919862177193761,2,-0.47847246974890373,1.3478966851752374
3527,22,Γ,2.715095128874555,1.919862177193761,1.919862177193761,3,-0.4784179318413372,1.347951223082804
3527,22,Γ,2.715095128874555,1.919862177193761,1.919862177193761,4,-0.46223914609703987,1.3641300088271013
3527,22,Γ,2.715095128874555,1.919862177193761,1.919862177193761,5,-0.46223911092477904,1.3641300439993622
3527,23,Γ,2.8385085438233983,2.0071286397934776,2.0071286397934776,0,-0.4906222448047595,1.3357469101193817
3527,23,Γ,2.8385085438233983,2.0071286397934776,2.0071286397934776,1,-0.4905677028898687,1.3358014520342725
3527,23,Γ,2.8385085438233983,2.0071286397934776,2.0071286397934776,2,-0.4784724697489068,1.3478966851752343
3527,23,Γ,2.8385085438233983,2.0071286397934776,2.0071286397934776,3,-0.478417931841356,1.3479512230827853
3527,23,Γ,2.8385085438233983,2.0071286397934776,2.0071286397934776,4,-0.4622391460970486,1.3641300088270927
3527,23,Γ,2.8385085438233983,2.0071286397934776,2.0071286397934776,5,-0.46223911092478476,1.3641300439993564
3527,24,K,2.961921958772242,2.094395102393194,2.094395102393194,0,-0.4906222448047648,1.3357469101193764
3527,24,K,2.961921958772242,2.094395102393194,2.094395102393194,1,-0.49056770288985324,1.335801452034288
3527,24,K,2.961921958772242,2.094395102393194,2.094395102393194,2,-0.4784724697488988,1.3478966851752423
3527,24,K,2.961921958772242,2.094395102393194,2.094395102393194,3,-0.4784179318413373,1.347951223082804
3527,24,K,2.961921958772242,2.094395102393194,2.094395102393194,4,-0.46223914609703914,1.364130008827102
3527,24,K,2.961921958772242,2.094395102393194,2.094395102393194,5,-0.46223911092477304,1.3641300439993682
3527,25,K,3.0594888300366962,2.138028333693052,2.0071286397934776,0,-0.4906222448047636,1.3357469101193775
3527,25,K,3.0594888300366962,2.138028333693052,2.0071286397934776,1,-0.49056770288984364,1.3358014520342976
3527,25,K,3.0594888300366962,2.138028333693052,2.0071286397934776,2,-0.4784724697488966,1.3478966851752445
3527,25,K,3.0594888300366962,2.138028333693052,2.0071286397934776,3,-0.47841793184134296,1.3479512230827981
3527,25,K,3.0594888300366962,2.138028333693052,2.0071286397934776,4,-0.4622391460970346,1.3641300088271067
3527,25,K,3.0594888300366962,2.138028333693052,2.0071286397934776,5,-0.4622391109247673,1.3641300439993738
3527,26,K,3.1570557013011507,2.1816615649929103,1.9198621771937612,0,-0.490622244804756,1.335746910119385
3527,26,K,3.1570557013011507,2.1816615649929103,1.9198621771937612,1,-0.49056770288987106,1.33580145203427
3527,26,K,3.1570557013011507,2.1816615649929103,1.9198621771937612,2,-0.4784724697489149,1.3478966851752263
3527,26,K,3.1570557013011507,2.1816615649929103,1.9198621771937612,3,-0.47841793184134457,1.3479512230827966
3527,26,K,3.1570557013011507,2.1816615649929103,1.9198621771937612,4,-0.46223914609704164,1.3641300088270996
3527,26,K,3.1570557013011507,2.1816615649929103,1.9198621771937612,5,-0.46223911092477576,1.3641300439993653
3527,27,K,3.254622572565605,2.2252947962927685,1.8325957145940448,0,-0.4906222448047431,1.3357469101193982
3527,27,K,3.254622572565605,2.2252947962927685,1.8325957145940448,1,-0.49056770288986723,1.335801452034274
3527,27,K,3.254622572565605,2.2252947962927685,1.8325957145940448,2,-0.4784724697488894,1.3478966851752519
3527,27,K,3.254622572565605,2.2252947962927685,1.8325957145940448,3,-0.47841793184132686,1.3479512230828143
3527,27,K,3.254622572565605,2.2252947962927685,1.8325957145940448,4,-0.4622391460970384,1.364130008827103
3527,27,K,3.254622572565605,2.2252947962927685,1.8325957145940448,5,-0.46223911092476083,1.3641300439993804
3527,28,K,3.35218944383006,2.2689280275926267,1.7453292519943284,0,-0.4906222448047669,1.3357469101193744
3527,28,K,3.35218944383006,2.2689280275926267,1.7453292519943284,1,-0.490567702889857,1.3358014520342842
3527,28,K,3.35218944383006,2.2689280275926267,1.7453292519943284,2,-0.4784724697488934,1.3478966851752479
3527,28,K,3.35218944383006,2.2689280275926267,1.7453292519943284,3,-0.47841793184135367,1.3479512230827875
3527,28,K,3.35218944383006,2.2689280275926267,1.7453292519943284,4,-0.4622391460970459,1.3641300088270953
3527,28,K,3.35218944383006,2.2689280275926267,1.7453292519943284,5,-0.46223911092477926,1.364130043999362
3527,29,K,3.4497563150945143,2.312561258892485,1.6580627893946118,0,-0.4906222448047516,1.3357469101193895
3527,29,K,3.4497563150945143,2.312561258892485,1.6580627893946118,1,-0.4905677028898595,1.3358014520342816
3527,29,K,3.4497563150945143,2.312561258892485,1.6580627893946118,2,-0.47847246974889696,1.3478966851752443
3527,29,K,3.4497563150945143,2.312561258892485,1.6580627893946118,3,-0.47841793184132636,1.3479512230828148
3527,29,K,3.4497563150945143,2.312561258892485,1.6580627893946118,4,-0.4622391460970347,1.3641300088271064
3527,29,K,3.4497563150945143,2.312561258892485,1.6580627893946118,5,-0.4622391109247671,1.3641300439993742
3527,30,K,3.5473231863589687,2.356194490192343,1.5707963267948954,0,-0.49062224480476957,1.3357469101193717
3527,30,K,3.5473231863589687,2.356194490192343,1.5707963267948954,1,-0.4905677028898568,1.3358014520342845
3527,30,K,3.5473231863589687,2.356194490192343,1.5707963267948954,2,-0.47847246974890845,1.3478966851752328
3527,30,K,3.5473231863589687,2.356194490192343,1.5707963267948954,3,-0.47841793184134235,1.3479512230827988
3527,30,K,3.5473231863589687,2.356194490192343,1.5707963267948954,4,-0.4622391460970607,1.3641300088270805
3527,30,K,3.5473231863589687,2.356194490192343,1.5707963267948954,5,-0.46223911092479353,1.3641300439993476
3527,31,K,3.644890057623423,2.3998277214922012,1.4835298641951788,0,-0.4906222448047572,1.335746910119384
3527,31,K,3.644890057623423,2.3998277214922012,1.4835298641951788,1,-0.4905677028898519,1.3358014520342893
3527,31,K,3.644890057623423,2.3998277214922012,1.4835298641951788,2,-0.4784724697488846,1.3478966851752565
3527,31,K,3.644890057623423,2.3998277214922012,1.4835298641951788,3,-0.47841793184134085,1.3479512230828004
3527,31,K,3.644890057623423,2.3998277214922012,1.4835298641951788,4,-0.46223914609704275,1.3641300088270985
3527,31,K,3.644890057623423,2.3998277214922012,1.4835298641951788,5,-0.462239110924769,1.3641300439993722
3527,32,K,3.7424569288878775,2.4434609527920594,1.3962634015954627,0,-0.490622244804763,1.3357469101193782
3527,32,K,3.7424569288878775,2.4434609527920594,1.3962634015954627,1,-0.4905677028898682,1.3358014520342731
3527,32,K,3.7424569288878775,2.4434609527920594,1.3962634015954627,2,-0.4784724697489307,1.3478966851752106
3527,32,K,3.7424569288878775,2.4434609527920594,1.3962634015954627,3,-0.4784179318413516,1.3479512230827897
3527,32,K,3.7424569288878775,2.4434609527920594,1.3962634015954627,4,-0.4622391460970528,1.3641300088270885
3527,32,K,3.7424569288878775,2.4434609527920594,1.3962634015954627,5,-0.46223911092478287,1.3641300439993582
3527,33,K,3.840023800152332,2.4870941840919176,1.308996938995746,0,-0.4906222448047647,1.3357469101193766
3527,33,K,3.840023800152332,2.4870941840919176,1.308996938995746,1,-0.4905677028898369,1.3358014520343042
3527,33,K,3.840023800152332,2.4870941840919176,1.308996938995746,2,-0.47847246974889956,1.3478966851752416
3527,33,K,3.840023800152332,2.4870941840919176,1.308996938995746,3,-0.47841793184133585,1.3479512230828052
3527,33,K,3.840023800152332,2.4870941840919176,1.308996938995746,4,-0.4622391460970341,1.364130008827107
3527,33,K,3.840023800152332,2.4870941840919176,1.308996938995746,5,-0.46223911092476677,1.3641300439993744
3527,34,K,3.9375906714167863,2.530727415391776,1.2217304763960297,0,-0.490622244804766,1.3357469101193753
3527,34,K,3.9375906714167863,2.530727415391776,1.2217304763960297,1,-0.4905677028898624,1.335801452034279
3527,34,K,3.9375906714167863,2.530727415391776,1.2217304763960297,2,-0.47847246974892943,1.3478966851752117
3527,34,K,3.9375906714167863,2.530727415391776,1.2217304763960297,3,-0.4784179318413403,1.3479512230828008
3527,34,K,3.9375906714167863,2.530727415391776,1.2217304763960297,4,-0.46223914609704686,1.3641300088270945
3527,34,K,3.9375906714167863,2.530727415391776,1.2217304763960297,5,-0.462239110924777,1.3641300439993642
3527,35,K,4.035157542681241,2.574360646691634,1.1344640137963133,0,-0.4906222448047605,1.3357469101193806
3527,35,K,4.035157542681241,2.574360646691634,1.1344640137963133,1,-0.4905677028898555,1.3358014520342856
3527,35,K,4.035157542681241,2.574360646691634,1.1344640137963133,2,-0.47847246974891194,1.3478966851752292
3527,35,K,4.035157542681241,2.574360646691634,1.1344640137963133,3,-0.4784179318413282,1.347951223082813
3527,35,K,4.035157542681241,2.574360646691634,1.1344640137963133,4,-0.46223914609704214,1.3641300088270991
3527,35,K,4.035157542681241,2.574360646691634,1.1344640137963133,5,-0.46223911092477216,1.364130043999369
3527,36,K,4.132724413945695,2.617993877991492,1.047197551196597,0,-0.490622244804767,1.3357469101193742
3527,36,K,4.132724413945695,2.617993877991492,1.047197551196597,1,-0.49056770288987284,1.3358014520342683
3527,36,K,4.132724413945695,2.617993877991492,1.047197551196597,2,-0.4784724697489242,1.347896685175217
3527,36,K,4.132724413945695,2.617993877991492,1.047197551196597,3,-0.4784179318413454,1.347951223082796
3527,36,K,4.132724413945695,2.617993877991492,1.047197551196597,4,-0.4622391460970518,1.3641300088270893
3527,36,K,4.132724413945695,2.617993877991492,1.047197551196597,5,-0.4622391109247841,1.3641300439993571
3527,37,K,4.23029128521015,2.6616271092913504,0.9599310885968806,0,-0.4906222448047602,1.335746910119381
3527,37,K,4.23029128521015,2.6616271092913504,0.9599310885968806,1,-0.4905677028898491,1.3358014520342922
3527,37,K,4.23029128521015,2.6616271092913504,0.9599310885968806,2,-0.4784724697488922,1.347896685175249
3527,37,K,4.23029128521015,2.6616271092913504,0.9599310885968806,3,-0.47841793184133075,1.3479512230828106
3527,37,K,4.23029128521015,2.6616271092913504,0.9599310885968806,4,-0.4622391460970406,1.3641300088271007
3527,37,K,4.23029128521015,2.6616271092913504,0.9599310885968806,5,-0.4622391109247742,1.364130043999367
3527,38,K,4.327858156474605,2.705260340591209,0.872664625997164,0,-0.4906222448047521,1.335746910119389
3527,38,K,4.327858156474605,2.705260340591209,0.872664625997164,1,-0.49056770288985485,1.3358014520342865
3527,38,K,4.327858156474605,2.705260340591209,0.872664625997164,2,-0.47847246974889407,1.3478966851752472
3527,38,K,4.327858156474605,2.705260340591209,0.872664625997164,3,-0.47841793184133247,1.3479512230828088
3527,38,K,4.327858156474605,2.705260340591209,0.872664625997164,4,-0.46223914609702776,1.3641300088271135
3527,38,K,4.327858156474605,2.705260340591209,0.872664625997164,5,-0.46223911092476877,1.3641300439993724
3527,39,K,4.425425027739059,2.7488935718910668,0.7853981633974478,0,-0.49062224480476807,1.335746910119373
3527,39,K,4.425425027739059,2.7488935718910668,0.7853981633974478,1,-0.4905677028898702,1.335801452034271
3527,39,K,4.425425027739059,2.7488935718910668,0.7853981633974478,2,-0.47847246974892216,1.347896685175219
3527,39,K,4.425425027739059,2.7488935718910668,0.7853981633974478,3,-0.4784179318413474,1.3479512230827937
3527,39,K,4.425425027739059,2.7488935718910668,0.7853981633974478,4,-0.4622391460970499,1.3641300088270913
3527,39,K,4.425425027739059,2.7488935718910668,0.7853981633974478,5,-0.46223911092478304,1.3641300439993582
3527,40,K,4.522991899003513,2.792526803190925,0.6981317007977315,0,-0.4906222448047669,1.3357469101193744
3527,40,K,4.522991899003513,2.792526803190925,0.6981317007977315,1,-0.4905677028898666,1.3358014520342745
3527,40,K,4.522991899003513,2.792526803190925,0.6981317007977315,2,-0.4784724697489118,1.3478966851752294
3527,40,K,4.522991899003513,2.792526803190925,0.6981317007977315,3,-0.4784179318413402,1.347951223082801
3527,40,K,4.522991899003513,2.792526803190925,0.6981317007977315,4,-0.46223914609706335,1.3641300088270778
3527,40,K,4.522991899003513,2.792526803190925,0.6981317007977315,5,-0.46223911092478714,1.364130043999354
3527,41,K,4.620558770267968,2.8361600344907836,0.6108652381980149,0,-0.49062224480475153,1.3357469101193897
3527,41,K,4.620558770267968,2.8361600344907836,0.6108652381980149,1,-0.4905677028898554,1.3358014520342858
3527,41,K,4.620558770267968,2.8361600344907836,0.6108652381980149,2,-0.478472469748901,1.34789668517524
3527,41,K,4.620558770267968,2.8361600344907836,0.6108652381980149,3,-0.47841793184131326,1.3479512230828279
3527,41,K,4.620558770267968,2.8361600344907836,0.6108652381980149,4,-0.4622391460970315,1.3641300088271098
3527,41,K,4.620558770267968,2.8361600344907836,0.6108652381980149,5,-0.4622391109247668,1.3641300439993744
3527,42,K,4.718125641532422,2.8797932657906418,0.5235987755982985,0,-0.490622244804777,1.3357469101193642
3527,42,K,4.718125641532422,2.8797932657906418,0.5235987755982985,1,-0.49056770288986984,1.3358014520342714
3527,42,K,4.718125641532422,2.8797932657906418,0.5235987755982985,2,-0.4784724697489052,1.347896685175236
3527,42,K,4.718125641532422,2.8797932657906418,0.5235987755982985,3,-0.4784179318413614,1.34795122308278
3527,42,K,4.718125641532422,2.8797932657906418,0.5235987755982985,4,-0.46223914609704764,1.3641300088270936
3527,42,K,4.718125641532422,2.8797932657906418,0.5235987755982985,5,-0.46223911092477976,1.3641300439993613
3527,43,K,4.815692512796876,2.9234264970905,0.4363323129985821,0,-0.49062224480475575,1.3357469101193855
3527,43,K,4.815692512796876,2.9234264970905,0.4363323129985821,1,-0.4905677028898602,1.3358014520342811
3527,43,K,4.815692512796876,2.9234264970905,0.4363323129985821,2,-0.4784724697488966,1.3478966851752445
3527,43,K,4.815692512796876,2.9234264970905,0.4363323129985821,3,-0.47841793184134296,1.3479512230827981
3527,43,K,4.815692512796876,2.9234264970905,0.4363323129985821,4,-0.4622391460970334,1.3641300088271078
3527,43,K,4.815692512796876,2.9234264970905,0.4363323129985821,5,-0.4622391109247723,1.3641300439993689
3527,44,K,4.913259384061331,2.967059728390358,0.3490658503988655,0,-0.4906222448047677,1.3357469101193735
3527,44,K,4.913259384061331,2.967059728390358,0.3490658503988655,1,-0.4905677028898595,1.3358014520342816
3527,44,K,4.913259384061331,2.967059728390358,0.3490658503988655,2,-0.4784724697489127,1.3478966851752285
3527,44,K,4.913259384061331,2.967059728390358,0.3490658503988655,3,-0.47841793184134096,1.3479512230828004
3527,44,K,4.913259384061331,2.967059728390358,0.3490658503988655,4,-0.46223914609704864,1.3641300088270927
3527,44,K,4.913259384061331,2.967059728390358,0.3490658503988655,5,-0.46223911092477793,1.3641300439993633
3527,45,K,5.010826255325785,3.0106929596902163,0.26179938779914913,0,-0.4906222448047653,1.335746910119376
3527,45,K,5.010826255325785,3.0106929596902163,0.26179938779914913,1,-0.4905677028898707,1.3358014520342705
3527,45,K,5.010826255325785,3.0106929596902163,0.26179938779914913,2,-0.478472469748908,1.3478966851752332
3527,45,K,5.010826255325785,3.0106929596902163,0.26179938779914913,3,-0.47841793184134107,1.3479512230828001
3527,45,K,5.010826255325785,3.0106929596902163,0.26179938779914913,4,-0.46223914609705274,1.3641300088270885
3527,45,K,5.010826255325785,3.0106929596902163,0.26179938779914913,5,-0.4622391109247851,1.364130043999356
3527,46,K,5.10839312659024,3.0543261909900745,0.17453292519943298,0,-0.49062224480476546,1.3357469101193757
3527,46,K,5.10839312659024,3.0543261909900745,0.17453292519943298,1,-0.4905677028898835,1.3358014520342576
3527,46,K,5.10839312659024,3.0543261909900745,0.17453292519943298,2,-0.47847246974891394,1.3478966851752272
3527,46,K,5.10839312659024,3.0543261909900745,0.17453292519943298,3,-0.47841793184134834,1.3479512230827928
3527,46,K,5.10839312659024,3.0543261909900745,0.17453292519943298,4,-0.4622391460970477,1.3641300088270936
3527,46,K,5.10839312659024,3.0543261909900745,0.17453292519943298,5,-0.46223911092478814,1.3641300439993531
3527,47,K,5.205959997854695,3.0979594222899327,0.08726646259971638,0,-0.4906222448047477,1.3357469101193935
3527,47,K,5.205959997854695,3.0979594222899327,0.08726646259971638,1,-0.4905677028898474,1.3358014520342938
3527,47,K,5.205959997854695,3.0979594222899327,0.08726646259971638,2,-0.47847246974890023,1.347896685175241
3527,47,K,5.205959997854695,3.0979594222899327,0.08726646259971638,3,-0.47841793184132003,1.3479512230828212
3527,47,K,5.205959997854695,3.0979594222899327,0.08726646259971638,4,-0.46223914609704225,1.364130008827099
3527,47,K,5.205959997854695,3.0979594222899327,0.08726646259971638,5,-0.46223911092477243,1.3641300439993689
3527,48,M,5.303526869119149,3.141592653589791,0.0,0,-0.49062224480475536,1.335746910119386
3527,48,M,5.303526869119149,3.141592653589791,0.0,1,-0.4905677028898442,1.3358014520342971
3527,48,M,5.303526869119149,3.141592653589791,0.0,2,-0.4784724697489059,1.3478966851752352
3527,48,M,5.303526869119149,3.141592653589791,0.0,3,-0.47841793184132364,1.3479512230828177
3527,48,M,5.303526869119149,3.141592653589791,0.0,4,-0.46223914609703737,1.3641300088271038
3527,48,M,5.303526869119149,3.141592653589791,0.0,5,-0.4622391109247743,1.3641300439993669
3527,49,M,5.434426563018723,3.0106929596902163,0.0,0,-0.4906222448047588,1.3357469101193824
3527,49,M,5.434426563018723,3.0106929596902163,0.0,1,-0.4905677028898761,1.3358014520342651
3527,49,M,5.434426563018723,3.0106929596902163,0.0,2,-0.4784724697489048,1.3478966851752365
3527,49,M,5.434426563018723,3.0106929596902163,0.0,3,-0.4784179318413506,1.3479512230827906
3527,49,M,5.434426563018723,3.0106929596902163,0.0,4,-0.46223914609705197,1.3641300088270891
3527,49,M,5.434426563018723,3.0106929596902163,0.0,5,-0.4622391109247817,1.3641300439993596
3527,50,M,5.565326256918298,2.8797932657906418,0.0,0,-0.49062224480473926,1.335746910119402
3527,50,M,5.565326256918298,2.8797932657906418,0.0,1,-0.49056770288986384,1.3358014520342774
3527,50,M,5.565326256918298,2.8797932657906418,0.0,2,-0.4784724697488811,1.34789668517526
3527,50,M,5.565326256918298,2.8797932657906418,0.0,3,-0.4784179318413436,1.3479512230827977
3527,50,M,5.565326256918298,2.8797932657906418,0.0,4,-0.4622391460970292,1.364130008827112
3527,50,M,5.565326256918298,2.8797932657906418,0.0,5,-0.46223911092476044,1.3641300439993809
3527,51,M,5.6962259508178725,2.748893571891067,0.0,0,-0.4906222448047452,1.335746910119396
3527,51,M,5.6962259508178725,2.748893571891067,0.0,1,-0.4905677028898721,1.3358014520342691
3527,51,M,5.6962259508178725,2.748893571891067,0.0,2,-0.4784724697488899,1.3478966851752512
3527,51,M,5.6962259508178725,2.748893571891067,0.0,3,-0.4784179318413306,1.3479512230828106
3527,51,M,5.6962259508178725,2.748893571891067,0.0,4,-0.4622391460970397,1.3641300088271016
3527,51,M,5.6962259508178725,2.748893571891067,0.0,5,-0.46223911092476455,1.3641300439993767
3527,52,M,5.827125644717447,2.617993877991492,0.0,0,-0.49062224480474226,1.3357469101193988
3527,52,M,5.827125644717447,2.617993877991492,0.0,1,-0.49056770288986545,1.3358014520342758
3527,52,M,5.827125644717447,2.617993877991492,0.0,2,-0.4784724697489039,1.3478966851752374
3527,52,M,5.827125644717447,2.617993877991492,0.0,3,-0.4784179318413375,1.3479512230828037
3527,52,M,5.827125644717447,2.617993877991492,0.0,4,-0.46223914609704025,1.364130008827101
3527,52,M,5.827125644717447,2.617993877991492,0.0,5,-0.46223911092477915,1.364130043999362
3527,53,M,5.958025338617022,2.4870941840919176,0.0,0,-0.4906222448047435,1.3357469101193977
3527,53,M,5.958025338617022,2.4870941840919176,0.0,1,-0.4905677028898586,1.3358014520342825
3527,53,M,5.958025338617022,2.4870941840919176,0.0,2,-0.478472469748881,1.34789668517526
3527,53,M,5.958025338617022,2.4870941840919176,0.0,3,-0.47841793184134823,1.347951223082793
3527,53,M,5.958025338617022,2.4870941840919176,0.0,4,-0.46223914609704414,1.3641300088270971
3527,53,M,5.958025338617022,2.4870941840919176,0.0,5,-0.46223911092476766,1.3641300439993735
3527,54,M,6.088925032516596,2.356194490192343,0.0,0,-0.4906222448047485,1.3357469101193926
3527,54,M,6.088925032516596,2.356194490192343,0.0,1,-0.49056770288981905,1.3358014520343222
3527,54,M,6.088925032516596,2.356194490192343,0.0,2,-0.4784724697488918,1.3478966851752494
3527,54,M,6.088925032516596,2.356194490192343,0.0,3,-0.47841793184132625,1.347951223082815
3527,54,M,6.088925032516596,2.356194490192343,0.0,4,-0.46223914609702826,1.3641300088271129
3527,54,M,6.088925032516596,2.356194490192343,0.0,5,-0.4622391109247628,1.3641300439993784
3527,55,M,6.219824726416171,2.2252947962927685,0.0,0,-0.49062224480474215,1.335746910119399
3527,55,M,6.219824726416171,2.2252947962927685,0.0,1,-0.4905677028898616,1.3358014520342796
3527,55,M,6.219824726416171,2.2252947962927685,0.0,2,-0.47847246974889035,1.3478966851752507
3527,55,M,6.219824726416171,2.2252947962927685,0.0,3,-0.47841793184131853,1.3479512230828226
3527,55,M,6.219824726416171,2.2252947962927685,0.0,4,-0.462239146097023,1.3641300088271182
3527,55,M,6.219824726416171,2.2252947962927685,0.0,5,-0.46223911092476744,1.3641300439993738
3527,56,M,6.350724420315746,2.094395102393194,0.0,0,-0.4906222448047458,1.3357469101193953
3527,56,M,6.350724420315746,2.094395102393194,0.0,1,-0.4905677028898729,1.3358014520342683
3527,56,M,6.350724420315746,2.094395102393194,0.0,2,-0.4784724697488945,1.3478966851752467
3527,56,M,6.350724420315746,2.094395102393194,0.0,3,-0.4784179318413402,1.347951223082801
3527,56,M,6.350724420315746,2.094395102393194,0.0,4,-0.4622391460970303,1.3641300088271109
3527,56,M,6.350724420315746,2.094395102393194,0.0,5,-0.46223911092477105,1.3641300439993702
3527,57,M,6.48162411421532,1.9634954084936194,0.0,0,-0.49062224480477235,1.3357469101193689
3527,57,M,6.48162411421532,1.9634954084936194,0.0,1,-0.4905677028898587,1.3358014520342825
3527,57,M,6.48162411421532,1.9634954084936194,0.0,2,-0.47847246974890434,1.347896685175237
3527,57,M,6.48162411421532,1.9634954084936194,0.0,3,-0.4784179318413351,1.3479512230828061
3527,57,M,6.48162411421532,1.9634954084936194,0.0,4,-0.46223914609704053,1.3641300088271007
3527,57,M,6.48162411421532,1.9634954084936194,0.0,5,-0.46223911092477954,1.3641300439993618
3527,58,M,6.612523808114895,1.8325957145940446,0.0,0,-0.4906222448047694,1.3357469101193717
3527,58,M,6.612523808114895,1.8325957145940446,0.0,1,-0.4905677028898699,1.3358014520342714
3527,58,M,6.612523808114895,1.8325957145940446,0.0,2,-0.4784724697489036,1.3478966851752376
3527,58,M,6.612523808114895,1.8325957145940446,0.0,3,-0.47841793184133996,1.3479512230828012
3527,58,M,6.612523808114895,1.8325957145940446,0.0,4,-0.4622391460970462,1.364130008827095
3527,58,M,6.612523808114895,1.8325957145940446,0.0,5,-0.4622391109247765,1.3641300439993647
3527,59,M,6.743423502014469,1.7016960206944702,0.0,0,-0.4906222448047497,1.3357469101193915
3527,59,M,6.743423502014469,1.7016960206944702,0.0,1,-0.49056770288985047,1.3358014520342907
3527,59,M,6.743423502014469,1.7016960206944702,0.0,2,-0.47847246974890095,1.3478966851752403
3527,59,M,6.743423502014469,1.7016960206944702,0.0,3,-0.4784179318413147,1.3479512230828266
3527,59,M,6.743423502014469,1.7016960206944702,0.0,4,-0.4622391460970336,1.3641300088271076
3527,59,M,6.743423502014469,1.7016960206944702,0.0,5,-0.462239110924766,1.364130043999375
3527,60,M,6.8743231959140445,1.5707963267948954,0.0,0,-0.49062224480474437,1.3357469101193968
3527,60,M,6.8743231959140445,1.5707963267948954,0.0,1,-0.49056770288985774,1.3358014520342834
3527,60,M,6.8743231959140445,1.5707963267948954,0.0,2,-0.47847246974889124,1.3478966851752499
3527,60,M,6.8743231959140445,1.5707963267948954,0.0,3,-0.47841793184133896,1.3479512230828021
3527,60,M,6.8743231959140445,1.5707963267948954,0.0,4,-0.4622391460970349,1.3641300088271062
3527,60,M,6.8743231959140445,1.5707963267948954,0.0,5,-0.4622391109247659,1.3641300439993753
3527,61,M,7.005222889813619,1.4398966328953209,0.0,0,-0.49062224480475297,1.3357469101193882
3527,61,M,7.005222889813619,1.4398966328953209,0.0,1,-0.4905677028898527,1.3358014520342885
3527,61,M,7.005222889813619,1.4398966328953209,0.0,2,-0.47847246974888685,1.3478966851752543
3527,61,M,7.005222889813619,1.4398966328953209,0.0,3,-0.4784179318413335,1.3479512230828077
3527,61,M,7.005222889813619,1.4398966328953209,0.0,4,-0.4622391460970345,1.3641300088271067
3527,61,M,7.005222889813619,1.4398966328953209,0.0,5,-0.4622391109247695,1.3641300439993718
3527,62,M,7.136122583713194,1.308996938995746,0.0,0,-0.4906222448047559,1.3357469101193853
3527,62,M,7.136122583713194,1.308996938995746,0.0,1,-0.4905677028898458,1.3358014520342953
3527,62,M,7.136122583713194,1.308996938995746,0.0,2,-0.4784724697488958,1.3478966851752454
3527,62,M,7.136122583713194,1.308996938995746,0.0,3,-0.4784179318413225,1.3479512230828188
3527,62,M,7.136122583713194,1.308996938995746,0.0,4,-0.4622391460970368,1.3641300088271044
3527,62,M,7.136122583713194,1.308996938995746,0.0,5,-0.46223911092476955,1.3641300439993715
3527,63,M,7.267022277612768,1.1780972450961715,0.0,0,-0.49062224480476874,1.3357469101193724
3527,63,M,7.267022277612768,1.1780972450961715,0.0,1,-0.4905677028898831,1.335801452034258
3527,63,M,7.267022277612768,1.1780972450961715,0.0,2,-0.4784724697489164,1.3478966851752248
3527,63,M,7.267022277612768,1.1780972450961715,0.0,3,-0.4784179318413573,1.347951223082784
3527,63,M,7.267022277612768,1.1780972450961715,0.0,4,-0.4622391460970466,1.3641300088270947
3527,63,M,7.267022277612768,1.1780972450961715,0.0,5,-0.46223911092478875,1.3641300439993524
3527,64,M,7.397921971512343,1.047197551196597,0.0,0,-0.4906222448047782,1.335746910119363
3527,64,M,7.397921971512343,1.047197551196597,0.0,1,-0.4905677028898717,1.3358014520342696
3527,64,M,7.397921971512343,1.047197551196597,0.0,2,-0.4784724697489219,1.3478966851752192
3527,64,M,7.397921971512343,1.047197551196597,0.0,3,-0.47841793184134423,1.347951223082797
3527,64,M,7.397921971512343,1.047197551196597,0.0,4,-0.4622391460970529,1.3641300088270882
3527,64,M,7.397921971512343,1.047197551196597,0.0,5,-0.46223911092478576,1.3641300439993556
3527,65,M,7.528821665411917,0.9162978572970224,0.0,0,-0.49062224480477135,1.33574691011937
3527,65,M,7.528821665411917,0.9162978572970224,0.0,1,-0.49056770288987284,1.3358014520342683
3527,65,M,7.528821665411917,0.9162978572970224,0.0,2,-0.4784724697489112,1.3478966851752299
3527,65,M,7.528821665411917,0.9162978572970224,0.0,3,-0.4784179318413473,1.347951223082794
3527,65,M,7.528821665411917,0.9162978572970224,0.0,4,-0.46223914609705574,1.3641300088270856
3527,65,M,7.528821665411917,0.9162978572970224,0.0,5,-0.4622391109247911,1.3641300439993502
3527,66,M,7.659721359311492,0.7853981633974478,0.0,0,-0.49062224480475153,1.3357469101193897
3527,66,M,7.659721359311492,0.7853981633974478,0.0,1,-0.4905677028898705,1.3358014520342707
3527,66,M,7.659721359311492,0.7853981633974478,0.0,2,-0.478472469748907,1.3478966851752343
3527,66,M,7.659721359311492,0.7853981633974478,0.0,3,-0.4784179318413552,1.347951223082786
3527,66,M,7.659721359311492,0.7853981633974478,0.0,4,-0.4622391460970541,1.3641300088270871
3527,66,M,7.659721359311492,0.7853981633974478,0.0,5,-0.46223911092478653,1.3641300439993547
3527,67,M,7.7906210532110665,0.6544984694978733,0.0,0,-0.49062224480476485,1.3357469101193764
3527,67,M,7.7906210532110665,0.6544984694978733,0.0,1,-0.49056770288985585,1.3358014520342854
3527,67,M,7.7906210532110665,0.6544984694978733,0.0,2,-0.4784724697488843,1.347896685175257
3527,67,M,7.7906210532110665,0.6544984694978733,0.0,3,-0.47841793184134573,1.3479512230827955
3527,67,M,7.7906210532110665,0.6544984694978733,0.0,4,-0.46223914609703814,1.3641300088271031
3527,67,M,7.7906210532110665,0.6544984694978733,0.0,5,-0.46223911092477155,1.3641300439993698
3527,68,M,7.921520747110641,0.5235987755982983,0.0,0,-0.49062224480476185,1.3357469101193793
3527,68,M,7.921520747110641,0.5235987755982983,0.0,1,-0.49056770288987306,1.3358014520342683
3527,68,M,7.921520747110641,0.5235987755982983,0.0,2,-0.47847246974893143,1.3478966851752099
3527,68,M,7.921520747110641,0.5235987755982983,0.0,3,-0.4784179318413471,1.3479512230827941
3527,68,M,7.921520747110641,0.5235987755982983,0.0,4,-0.46223914609705036,1.364130008827091
3527,68,M,7.921520747110641,0.5235987755982983,0.0,5,-0.46223911092477615,1.364130043999365
3527,69,M,8.052420441010216,0.3926990816987237,0.0,0,-0.4906222448047667,1.3357469101193744
3527,69,M,8.052420441010216,0.3926990816987237,0.0,1,-0.4905677028898727,1.3358014520342685
3527,69,M,8.052420441010216,0.3926990816987237,0.0,2,-0.4784724697489073,1.3478966851752339
3527,69,M,8.052420441010216,0.3926990816987237,0.0,3,-0.4784179318413474,1.3479512230827937
3527,69,M,8.052420441010216,0.3926990816987237,0.0,4,-0.46223914609704897,1.3641300088270922
3527,69,M,8.052420441010216,0.3926990816987237,0.0,5,-0.4622391109247837,1.3641300439993576
3527,70,M,8.18332013490979,0.2617993877991496,0.0,0,-0.49062224480472805,1.335746910119413
3527,70,M,8.18332013490979,0.2617993877991496,0.0,1,-0.4905677028898704,1.335801452034271
3527,70,M,8.18332013490979,0.2617993877991496,0.0,2,-0.47847246974889707,1.347896685175244
3527,70,M,8.18332013490979,0.2617993877991496,0.0,3,-0.4784179318413374,1.347951223082804
3527,70,M,8.18332013490979,0.2617993877991496,0.0,4,-0.46223914609704564,1.3641300088270956
3527,70,M,8.18332013490979,0.2617993877991496,0.0,5,-0.4622391109247706,1.3641300439993707
3527,71,M,8.314219828809366,0.13089969389957457,0.0,0,-0.4906222448047554,1.3357469101193857
3527,71,M,8.314219828809366,0.13089969389957457,0.0,1,-0.49056770288985563,1.3358014520342856
3527,71,M,8.314219828809366,0.13089969389957457,0.0,2,-0.47847246974888563,1.3478966851752556
3527,71,M,8.314219828809366,0.13089969389957457,0.0,3,-0.47841793184131925,1.347951223082822
3527,71,M,8.314219828809366,0.13089969389957457,0.0,4,-0.4622391460970251,1.3641300088271162
3527,71,M,8.314219828809366,0.13089969389957457,0.0,5,-0.46223911092476805,1.364130043999373
3527,72,Γ,8.44511952270894,0.0,0.0,0,-0.4906222448047285,1.3357469101194126
3527,72,Γ,8.44511952270894,0.0,0.0,1,-0.49056770288986623,1.335801452034275
3527,72,Γ,8.44511952270894,0.0,0.0,2,-0.4784724697489112,1.3478966851752299
3527,72,Γ,8.44511952270894,0.0,0.0,3,-0.4784179318413333,1.347951223082808
3527,72,Γ,8.44511952270894,0.0,0.0,4,-0.46223914609703937,1.3641300088271018
3527,72,Γ,8.44511952270894,0.0,0.0,5,-0.4622391109247624,1.3641300439993789
